{"name":"Untitled","created":"2023-03-03T11:00:28.234Z","settings":{"physics":{"gravity":[0,-9.8,0]},"render":{"lightmapFilterRange":10,"fog_end":1000,"lightmapFilterEnabled":false,"ambientBake":false,"tonemapping":0,"lightingAreaLightsEnabled":false,"lightingShadowType":0,"ambientBakeOcclusionContrast":0,"skybox":null,"lightingCookieAtlasResolution":2048,"fog_density":0.01,"lightmapFilterSmoothness":0.2,"gamma_correction":1,"exposure":1,"lightingShadowsEnabled":true,"fog_start":1,"skyboxIntensity":1,"global_ambient":[0.2,0.2,0.2],"ambientBakeNumSamples":1,"fog_color":[0,0,0],"lightingCells":[10,3,10],"lightmapMode":1,"lightingCookiesEnabled":false,"clusteredLightingEnabled":true,"ambientBakeSpherePart":0.4,"fog":"none","ambientBakeOcclusionBrightness":0,"lightmapMaxResolution":2048,"lightingMaxLightsPerCell":255,"lightingShadowAtlasResolution":2048,"skyboxMip":0,"lightmapSizeMultiplier":16,"skyboxRotation":[0,0,0]}},"entities":{"9b7d9c30-b9b2-11ed-8565-2253964451c0":{"position":[0,0,0],"scale":[1,1,1],"name":"Root","parent":null,"resource_id":"9b7d9c30-b9b2-11ed-8565-2253964451c0","components":{"script":{"enabled":true,"order":["generatedLine","gameController"],"scripts":{"generatedLine":{"enabled":true,"attributes":{}},"gameController":{"enabled":true,"attributes":{}}}},"sound":{"enabled":true,"volume":1,"pitch":1,"positional":true,"refDistance":1,"maxDistance":10000,"rollOffFactor":1,"distanceModel":"linear","slots":{"1":{"name":"swipe","loop":false,"autoPlay":false,"overlap":false,"asset":130216231,"startTime":0,"duration":0.1,"volume":1,"pitch":1}}}},"rotation":[0,0,0],"tags":[],"enabled":true,"children":["9b7d9eec-b9b2-11ed-8565-2253964451c0","35f8707f-12e4-467e-811d-6178487f1814","54d4d20b-565b-45b2-882c-49b15505a355","a65926c4-5149-48bd-b62c-0ce1e20f009d","c944671c-cd5f-4683-b1d5-355447ae9bae","943c4973-cfd8-47fc-be59-1e63e2e49f30"]},"9b7d9eec-b9b2-11ed-8565-2253964451c0":{"position":[0.22144509763198084,5.467944145202637,-3.40343976020813],"scale":[1,1,1],"name":"Light","parent":"9b7d9c30-b9b2-11ed-8565-2253964451c0","resource_id":"9b7d9eec-b9b2-11ed-8565-2253964451c0","components":{"light":{"castShadows":false,"isStatic":false,"vsmBlurSize":11,"shadowUpdateMode":2,"normalOffsetBias":0.05,"color":[1,1,1],"bakeArea":0,"numCascades":1,"outerConeAngle":45,"bakeNumSamples":1,"affectDynamic":true,"intensity":1.05,"bakeDir":true,"cookieAngle":0,"affectLightmapped":false,"cookieChannel":"rgb","innerConeAngle":40,"shadowBias":0.2,"bake":false,"falloffMode":0,"cookieAsset":null,"vsmBias":0.01,"layers":[0],"cookieIntensity":1,"cascadeDistribution":0.5,"cookieOffset":[0,0],"shadowResolution":1024,"cookieScale":[1,1],"enabled":true,"shape":0,"range":8,"vsmBlurMode":1,"shadowDistance":5.91,"type":"directional","cookieFalloff":true,"shadowType":0}},"rotation":[45,135,0],"tags":[],"enabled":true,"children":[]},"c944671c-cd5f-4683-b1d5-355447ae9bae":{"name":"ui","tags":[],"enabled":true,"resource_id":"c944671c-cd5f-4683-b1d5-355447ae9bae","parent":"9b7d9c30-b9b2-11ed-8565-2253964451c0","children":[],"position":[0,0,0],"rotation":[0,0,0],"scale":[1,1,1],"components":{"script":{"enabled":true,"order":["ui"],"scripts":{"ui":{"enabled":true,"attributes":{"menu_html":126949833,"menu_css":126949832,"cube_pressing_css":126949825,"cube_pressing":126949824}}}}}},"943c4973-cfd8-47fc-be59-1e63e2e49f30":{"name":"externalScripts","tags":[],"enabled":true,"resource_id":"943c4973-cfd8-47fc-be59-1e63e2e49f30","parent":"9b7d9c30-b9b2-11ed-8565-2253964451c0","children":["d9fb7a3d-10b5-4b84-b4b7-567b632e3f84"],"position":[0,0,0],"rotation":[0,0,0],"scale":[1,1,1],"components":{"sprite":{"enabled":true,"type":"simple","width":1,"height":1,"color":[1,1,1],"opacity":1,"flipX":false,"flipY":false,"spriteAsset":null,"frame":0,"speed":1,"batchGroupId":null,"layers":[0],"drawOrder":0,"autoPlayClip":null,"clips":{}}}},"d9fb7a3d-10b5-4b84-b4b7-567b632e3f84":{"name":"tweenJS","tags":[],"enabled":true,"resource_id":"d9fb7a3d-10b5-4b84-b4b7-567b632e3f84","parent":"943c4973-cfd8-47fc-be59-1e63e2e49f30","children":[],"position":[0,0,0],"rotation":[0,0,0],"scale":[1,1,1],"components":{"sprite":{"enabled":true,"type":"simple","width":1,"height":1,"color":[1,1,1],"opacity":1,"flipX":false,"flipY":false,"spriteAsset":null,"frame":0,"speed":1,"batchGroupId":null,"layers":[0],"drawOrder":0,"autoPlayClip":null,"clips":{}},"script":{"enabled":true,"order":["tweenJs"],"scripts":{"tweenJs":{"enabled":true,"attributes":{}}}}}},"a65926c4-5149-48bd-b62c-0ce1e20f009d":{"name":"Camera","tags":[],"enabled":true,"resource_id":"a65926c4-5149-48bd-b62c-0ce1e20f009d","parent":"9b7d9c30-b9b2-11ed-8565-2253964451c0","children":[],"position":[-4,2.999999761581421,-4],"rotation":[-21.9999992153233,-135,4.3325042232892294e-7],"scale":[1,1,1],"components":{"camera":{"enabled":true,"clearColorBuffer":true,"clearColor":[1,1,1,1],"clearDepthBuffer":true,"renderSceneDepthMap":false,"renderSceneColorMap":false,"projection":0,"fov":45,"frustumCulling":true,"orthoHeight":4,"nearClip":0.1,"farClip":1000,"priority":0,"rect":[0,0,1,1],"layers":[0,1,2,3,4]},"audiolistener":{"enabled":false}}},"35f8707f-12e4-467e-811d-6178487f1814":{"name":"lineSpawnArea","tags":[],"enabled":true,"resource_id":"35f8707f-12e4-467e-811d-6178487f1814","parent":"9b7d9c30-b9b2-11ed-8565-2253964451c0","children":["ab1d8dfe-5480-4ac3-8ce5-999acc8750e6","6f6621c8-a7e2-4b58-8ca7-524b1d36d16c","67d434c8-7e53-4c53-9309-a980d6af7b53"],"position":[0,0,0],"rotation":[0,0,0],"scale":[1,1,1],"components":{}},"67d434c8-7e53-4c53-9309-a980d6af7b53":{"name":"line","tags":[],"enabled":true,"resource_id":"67d434c8-7e53-4c53-9309-a980d6af7b53","parent":"35f8707f-12e4-467e-811d-6178487f1814","children":[],"position":[0,-0.5,-0.2],"rotation":[0,0,0],"scale":[0,0,0],"components":{"render":{"enabled":true,"type":"box","asset":null,"materialAssets":[null],"layers":[0],"batchGroupId":null,"castShadows":true,"castShadowsLightmap":true,"receiveShadows":true,"lightmapped":false,"lightmapSizeMultiplier":1,"castShadowsLightMap":true,"lightMapped":false,"lightMapSizeMultiplier":1,"isStatic":false,"rootBone":null}}},"6f6621c8-a7e2-4b58-8ca7-524b1d36d16c":{"name":"dsa","tags":[],"enabled":true,"resource_id":"6f6621c8-a7e2-4b58-8ca7-524b1d36d16c","parent":"35f8707f-12e4-467e-811d-6178487f1814","children":[],"position":[-0.13058307690261195,-0.5,0],"rotation":[0,90,0],"scale":[0.5,0.5,2],"components":{"render":{"enabled":false,"type":"box","asset":null,"materialAssets":[null],"layers":[0],"batchGroupId":null,"castShadows":true,"castShadowsLightmap":true,"receiveShadows":true,"lightmapped":false,"lightmapSizeMultiplier":1,"castShadowsLightMap":true,"lightMapped":false,"lightMapSizeMultiplier":1,"isStatic":false,"rootBone":null}}},"ab1d8dfe-5480-4ac3-8ce5-999acc8750e6":{"name":"dsa","tags":[],"enabled":true,"resource_id":"ab1d8dfe-5480-4ac3-8ce5-999acc8750e6","parent":"35f8707f-12e4-467e-811d-6178487f1814","children":[],"position":[-1,-0.5,1.75],"rotation":[0,0,0],"scale":[0.5,0.5,3],"components":{"render":{"enabled":false,"type":"box","asset":null,"materialAssets":[null],"layers":[0],"batchGroupId":null,"castShadows":true,"castShadowsLightmap":true,"receiveShadows":true,"lightmapped":false,"lightmapSizeMultiplier":1,"castShadowsLightMap":true,"lightMapped":false,"lightMapSizeMultiplier":1,"isStatic":false,"rootBone":null}}},"54d4d20b-565b-45b2-882c-49b15505a355":{"name":"player","tags":[],"enabled":true,"resource_id":"54d4d20b-565b-45b2-882c-49b15505a355","parent":"9b7d9c30-b9b2-11ed-8565-2253964451c0","children":[],"position":[0,0,0],"rotation":[0,0,0],"scale":[0.5,0.5,0.5],"components":{"render":{"enabled":true,"type":"box","asset":null,"materialAssets":[129293539],"layers":[0],"batchGroupId":null,"castShadows":true,"castShadowsLightmap":true,"receiveShadows":true,"lightmapped":false,"lightmapSizeMultiplier":1,"castShadowsLightMap":true,"lightMapped":false,"lightMapSizeMultiplier":1,"isStatic":false,"rootBone":null}}}},"checkpoint_id":"f1e0ed84-d9bd-47bc-9254-a6defe52dd24","branch_id":"000c7167-375c-499f-9b42-8b6701d12a5c","id":1701765}